<?xml version="1.0" encoding="UTF-8"?>
<project-private xmlns="http://www.netbeans.org/ns/project-private/1">
    <editor-bookmarks xmlns="http://www.netbeans.org/ns/editor-bookmarks/2" lastBookmarkId="0"/>
    <open-files xmlns="http://www.netbeans.org/ns/projectui-open-files/2">
        <group>
            <file>file:/D:/manikanta/3rd%20year/WeatherForecast/src/weatherforecast/WeatherApp.java</file>
            <file>file:/D:/manikanta/3rd%20year/WeatherForecast/src/weatherforecast/WeatherAppGui.java</file>
            <file>file:/D:/manikanta/3rd%20year/WeatherForecast/src/weatherforecast/AppLauncher.java</file>
        </group>
    </open-files>
</project-private>
